{"classic":{"tags":{"generic":"Generic","portfolio":"Portfolio"},"minVersion":"5.0.0","shop":false,"features":["avada_portfolio","avada_faq","post","page"],"plugin_dependencies":{"woocommerce":false,"the-events-calendar":false,"contact-form-7":true,"bbpress":false,"LayerSlider":true,"revslider":true},"new":false,"sidebars":{"ContactSidebar":"Contact Sidebar","FAQ":"FAQ","HomepageSidebar":"Home Page Sidebar","Portfolio":"Portfolio","Megamenu1":"Megamenu1","Megamenu2":"Megamenu2","Twitter":"Twitter","PageWidget1":"Page Widget 1","PageWidget2":"Page Widget 2"},"homeTitle":"Home","woopages":{"woocommerce_shop_page_id":"Shop","woocommerce_cart_page_id":"Cart","woocommerce_checkout_page_id":"Checkout","woocommerce_pay_page_id":"Checkout \u2192 Pay","woocommerce_thanks_page_id":"Order Received","woocommerce_myaccount_page_id":"My Account","woocommerce_edit_address_page_id":"Edit My Address","woocommerce_view_order_page_id":"View Order","woocommerce_change_password_page_id":"Change Password","woocommerce_logout_page_id":"Logout","woocommerce_lost_password_page_id":"Lost Password"},"previewImage":"http:\/\/updates.theme-fusion.com\/wp-content\/uploads\/2016\/08\/classic_thumbnail_2x.jpg","previewImageRetina":"http:\/\/updates.theme-fusion.com\/wp-content\/uploads\/2016\/08\/classic_thumbnail.jpg","zipFile":"http:\/\/updates.theme-fusion.com\/?avada_demo=classic","revSliders":["Avada_Full_Width-3.zip","Avada_Page_Slider-3.zip","Avada_Small_Slider-3.zip","captions_tall-3.zip"],"layerSliders":["LayerSlider_Export_2017-07-03_at_08.13.43.zip"]},"university":{"tags":{"education":"Education","events-calendar":"Events Calendar"},"minVersion":"5.3","shop":false,"features":["page","post","avada_portfolio"],"plugin_dependencies":{"woocommerce":false,"the-events-calendar":true,"contact-form-7":true,"bbpress":false,"LayerSlider":false,"revslider":false},"new":true,"sidebars":{"Courses-1":"Courses-1","Courses-2":"Courses-2","Courses-3":"Courses-3","Events-1":"Events-1","Events-2":"Events-2","Events-3":"Events-3","Events-4":"Events-4"},"homeTitle":"Home","previewImage":"http:\/\/updates.theme-fusion.com\/wp-content\/uploads\/2017\/11\/university_thumbnail.jpg","previewImageRetina":"http:\/\/updates.theme-fusion.com\/wp-content\/uploads\/2017\/11\/university_thumbnail.jpg","zipFile":"http:\/\/updates.theme-fusion.com\/?avada_demo=university"},"finance":{"tags":{"business":"Business"},"minVersion":"5.3","shop":false,"features":["page","post"],"plugin_dependencies":{"woocommerce":false,"the-events-calendar":false,"contact-form-7":true,"bbpress":false,"LayerSlider":false,"revslider":false},"new":true,"homeTitle":"Home","previewImage":"http:\/\/updates.theme-fusion.com\/wp-content\/uploads\/2017\/11\/finance_thumbnail.jpg","previewImageRetina":"http:\/\/updates.theme-fusion.com\/wp-content\/uploads\/2017\/11\/finance_thumbnail.jpg","zipFile":"http:\/\/updates.theme-fusion.com\/?avada_demo=finance"},"information_technology":{"tags":{"business":"Business","niche":"Niche"},"minVersion":"5.3","shop":false,"features":["page","post"],"plugin_dependencies":{"woocommerce":false,"the-events-calendar":false,"contact-form-7":true,"bbpress":false,"LayerSlider":false,"revslider":true},"new":true,"homeTitle":"Home","previewImage":"http:\/\/updates.theme-fusion.com\/wp-content\/uploads\/2017\/11\/information_technology_thumbnail.jpg","previewImageRetina":"http:\/\/updates.theme-fusion.com\/wp-content\/uploads\/2017\/11\/information_technology_thumbnail.jpg","zipFile":"http:\/\/updates.theme-fusion.com\/?avada_demo=information_technology","revSliders":["about.zip","contact.zip","home.zip","insight.zip","solutions.zip"]},"freelancer":{"tags":{"niche":"Niche","portfolio":"Portfolio","business":"Business"},"minVersion":"5.3","shop":false,"features":["post","page","avada_portfolio"],"plugin_dependencies":{"woocommerce":false,"the-events-calendar":false,"contact-form-7":true,"bbpress":false,"LayerSlider":false,"revslider":false},"new":true,"sidebars":{"Recent Work":"Recent Work","Twitter":"Twitter"},"homeTitle":"Home","previewImage":"http:\/\/updates.theme-fusion.com\/wp-content\/uploads\/2017\/11\/freelancer_thumbnail.jpg","previewImageRetina":"http:\/\/updates.theme-fusion.com\/wp-content\/uploads\/2017\/11\/freelancer_thumbnail.jpg","zipFile":"http:\/\/updates.theme-fusion.com\/?avada_demo=freelancer"},"dentist":{"tags":{"business":"Business","niche":"Niche"},"minVersion":"5.3","shop":false,"features":["post","page","avada_faq"],"plugin_dependencies":{"woocommerce":false,"the-events-calendar":false,"contact-form-7":true,"bbpress":false,"LayerSlider":false,"revslider":false},"new":true,"homeTitle":"Home","previewImage":"http:\/\/updates.theme-fusion.com\/wp-content\/uploads\/2017\/11\/dentist_thumbnail.jpg","previewImageRetina":"http:\/\/updates.theme-fusion.com\/wp-content\/uploads\/2017\/11\/dentist_thumbnail.jpg","zipFile":"http:\/\/updates.theme-fusion.com\/?avada_demo=dentist"},"science":{"tags":{"business":"Business","niche":"Niche"},"minVersion":"5.2","shop":false,"features":["post","page"],"plugin_dependencies":{"woocommerce":false,"the-events-calendar":false,"contact-form-7":true,"bbpress":false,"LayerSlider":false,"revslider":false},"new":false,"homeTitle":"Home","previewImage":"http:\/\/updates.theme-fusion.com\/wp-content\/uploads\/2017\/07\/science_thumbnail.jpg","previewImageRetina":"http:\/\/updates.theme-fusion.com\/wp-content\/uploads\/2017\/07\/science_thumbnail.jpg","zipFile":"http:\/\/updates.theme-fusion.com\/?avada_demo=science"},"photography_light":{"tags":{"business":"Business","niche":"Niche","artist":"Artist","portfolio":"Portfolio"},"minVersion":"5.2","shop":false,"features":["post","page","avada_portfolio"],"plugin_dependencies":{"woocommerce":false,"the-events-calendar":false,"contact-form-7":true,"bbpress":false,"LayerSlider":false,"revslider":false},"new":false,"homeTitle":"Home","previewImage":"http:\/\/updates.theme-fusion.com\/wp-content\/uploads\/2017\/07\/photolight_thumbnail.jpg","previewImageRetina":"http:\/\/updates.theme-fusion.com\/wp-content\/uploads\/2017\/07\/photolight_thumbnail.jpg","zipFile":"http:\/\/updates.theme-fusion.com\/?avada_demo=photography_light"},"music":{"tags":{"niche":"Niche","artist":"Artist"},"minVersion":"5.2","shop":false,"features":["post","page"],"plugin_dependencies":{"woocommerce":false,"the-events-calendar":false,"contact-form-7":true,"bbpress":false,"LayerSlider":false,"revslider":false},"new":false,"sidebars":{"Twitter":"Twitter","Post":"Post"},"homeTitle":"Home","previewImage":"http:\/\/updates.theme-fusion.com\/wp-content\/uploads\/2017\/07\/music_thumbnail.jpg","previewImageRetina":"http:\/\/updates.theme-fusion.com\/wp-content\/uploads\/2017\/07\/music_thumbnail.jpg","zipFile":"http:\/\/updates.theme-fusion.com\/?avada_demo=music"},"creative":{"tags":{"portfolio":"Portfolio","artist":"Artist","business":"Business"},"minVersion":"5.1.0","shop":false,"features":["page","post","avada_portfolio"],"plugin_dependencies":{"woocommerce":false,"the-events-calendar":false,"contact-form-7":true,"bbpress":false,"LayerSlider":false,"revslider":true},"new":false,"homeTitle":"HOME","previewImage":"http:\/\/updates.theme-fusion.com\/wp-content\/uploads\/2017\/03\/creative_thumbnail.jpg","previewImageRetina":"http:\/\/updates.theme-fusion.com\/wp-content\/uploads\/2017\/03\/creative_thumbnail.jpg","zipFile":"http:\/\/updates.theme-fusion.com\/?avada_demo=creative","revSliders":["post-slider-2.zip"]},"construction":{"tags":{"business":"Business","portfolio":"Portfolio"},"minVersion":"5.1.0","shop":false,"features":["post","page","avada_portfolio"],"plugin_dependencies":{"woocommerce":false,"the-events-calendar":false,"contact-form-7":true,"bbpress":false,"LayerSlider":false,"revslider":false},"new":false,"homeTitle":"Home","previewImage":"http:\/\/updates.theme-fusion.com\/wp-content\/uploads\/2017\/03\/construction_thumbnail.jpg","previewImageRetina":"http:\/\/updates.theme-fusion.com\/wp-content\/uploads\/2017\/03\/construction_thumbnail.jpg","zipFile":"http:\/\/updates.theme-fusion.com\/?avada_demo=construction"},"charity":{"tags":{"portfolio":"Portfolio","generic":"Generic"},"minVersion":"5.1.0","shop":false,"features":["post","page","avada_portfolio"],"plugin_dependencies":{"woocommerce":false,"the-events-calendar":false,"contact-form-7":true,"bbpress":false,"LayerSlider":false,"revslider":false},"new":false,"homeTitle":"Home","previewImage":"http:\/\/updates.theme-fusion.com\/wp-content\/uploads\/2017\/03\/charity_thumbnail.jpg","previewImageRetina":"http:\/\/updates.theme-fusion.com\/wp-content\/uploads\/2017\/03\/charity_thumbnail.jpg","zipFile":"http:\/\/updates.theme-fusion.com\/?avada_demo=charity"},"daycare":{"tags":{"niche":"Niche"},"minVersion":"5.1.0","shop":false,"features":["post","page"],"plugin_dependencies":{"woocommerce":false,"the-events-calendar":false,"contact-form-7":true,"bbpress":false,"LayerSlider":false,"revslider":false},"new":false,"homeTitle":"Home","previewImage":"http:\/\/updates.theme-fusion.com\/wp-content\/uploads\/2017\/03\/daycare_thumbnail.jpg","previewImageRetina":"http:\/\/updates.theme-fusion.com\/wp-content\/uploads\/2017\/03\/daycare_thumbnail.jpg","zipFile":"http:\/\/updates.theme-fusion.com\/?avada_demo=daycare"},"veterinarian":{"tags":{"niche":"Niche","portfolio":"Portfolio"},"minVersion":"5.1.0","shop":false,"features":["post","page","avada_portfolio","avada_faq"],"plugin_dependencies":{"woocommerce":false,"the-events-calendar":false,"contact-form-7":true,"bbpress":false,"LayerSlider":false,"revslider":false},"new":false,"homeTitle":"Home","previewImage":"http:\/\/updates.theme-fusion.com\/wp-content\/uploads\/2017\/03\/vet_thumbnail.jpg","previewImageRetina":"http:\/\/updates.theme-fusion.com\/wp-content\/uploads\/2017\/03\/vet_thumbnail.jpg","zipFile":"http:\/\/updates.theme-fusion.com\/?avada_demo=veterinarian"},"technology":{"tags":{"generic":"Generic"},"minVersion":"5.0.0","shop":false,"features":["post","page"],"plugin_dependencies":{"woocommerce":false,"the-events-calendar":false,"contact-form-7":true,"bbpress":false,"LayerSlider":true,"revslider":false},"new":false,"homeTitle":"Technology","previewImage":"http:\/\/updates.theme-fusion.com\/wp-content\/uploads\/2016\/09\/technology_thumbnail_2x.jpg","previewImageRetina":"http:\/\/updates.theme-fusion.com\/wp-content\/uploads\/2016\/09\/technology_thumbnail-1.jpg","zipFile":"http:\/\/updates.theme-fusion.com\/?avada_demo=technology","layerSliders":["LayerSlider_Export_2017-07-03_at_12.26.44.zip","LayerSlider_Export_2017-07-03_at_12.26.31.zip"]},"health":{"tags":{"generic":"Generic","business":"Business","portfolio":"Portfolio"},"minVersion":"5.0.0","shop":false,"features":["post","page","avada_portfolio"],"plugin_dependencies":{"woocommerce":false,"the-events-calendar":false,"contact-form-7":true,"bbpress":false,"LayerSlider":false,"revslider":false},"new":false,"homeTitle":"Home","previewImage":"http:\/\/updates.theme-fusion.com\/wp-content\/uploads\/2016\/09\/medical_thumbnail_2x.jpg","previewImageRetina":"http:\/\/updates.theme-fusion.com\/wp-content\/uploads\/2016\/09\/medical_thumbnail.jpg","zipFile":"http:\/\/updates.theme-fusion.com\/?avada_demo=health"},"wedding":{"tags":{"single-page":"Single Page","niche":"Niche"},"minVersion":"5.0.0","shop":false,"features":["post","page"],"plugin_dependencies":{"woocommerce":false,"the-events-calendar":false,"contact-form-7":true,"bbpress":false,"LayerSlider":false,"revslider":false},"new":false,"homeTitle":"Home","previewImage":"http:\/\/updates.theme-fusion.com\/wp-content\/uploads\/2016\/09\/wedding_thumbnail_2x.jpg","previewImageRetina":"http:\/\/updates.theme-fusion.com\/wp-content\/uploads\/2016\/09\/wedding_thumbnail-1.jpg","zipFile":"http:\/\/updates.theme-fusion.com\/?avada_demo=wedding"},"resume":{"tags":{"business":"Business","artist":"Artist","portfolio":"Portfolio"},"minVersion":"5.0.0","shop":false,"features":["page","avada_portfolio"],"plugin_dependencies":{"woocommerce":false,"the-events-calendar":false,"contact-form-7":true,"bbpress":false,"LayerSlider":false,"revslider":false},"new":false,"homeTitle":"Home","previewImage":"http:\/\/updates.theme-fusion.com\/wp-content\/uploads\/2016\/09\/resume_thumbnail_2x.jpg","previewImageRetina":"http:\/\/updates.theme-fusion.com\/wp-content\/uploads\/2016\/09\/resume_thumbnail-1.jpg","zipFile":"http:\/\/updates.theme-fusion.com\/?avada_demo=resume"},"photography":{"tags":{"niche":"Niche","portfolio":"Portfolio"},"minVersion":"5.0.0","shop":false,"features":["post","page","avada_portfolio"],"plugin_dependencies":{"woocommerce":false,"the-events-calendar":false,"contact-form-7":true,"bbpress":false,"LayerSlider":false,"revslider":false},"new":false,"homeTitle":"Home","previewImage":"http:\/\/updates.theme-fusion.com\/wp-content\/uploads\/2016\/08\/photography_thumbnail_2x.jpg","previewImageRetina":"http:\/\/updates.theme-fusion.com\/wp-content\/uploads\/2016\/08\/photography_thumbnail.jpg","zipFile":"http:\/\/updates.theme-fusion.com\/?avada_demo=photography"},"gym":{"tags":{"niche":"Niche","business":"Business","portfolio":"Portfolio"},"minVersion":"5.0.0","shop":false,"features":["post","page","avada_portfolio"],"plugin_dependencies":{"woocommerce":false,"the-events-calendar":false,"contact-form-7":true,"bbpress":false,"LayerSlider":false,"revslider":false},"new":false,"homeTitle":"Home","previewImage":"http:\/\/updates.theme-fusion.com\/wp-content\/uploads\/2016\/08\/gym_thumbnail_2x.jpg","previewImageRetina":"http:\/\/updates.theme-fusion.com\/wp-content\/uploads\/2016\/08\/gym_thumbnail.jpg","zipFile":"http:\/\/updates.theme-fusion.com\/?avada_demo=gym"},"modern_shop":{"tags":{"woocommerce":"WooCommerce","business":"Business"},"minVersion":"5.0.0","shop":true,"features":["post","page"],"plugin_dependencies":{"woocommerce":true,"the-events-calendar":false,"contact-form-7":true,"bbpress":false,"LayerSlider":false,"revslider":false},"new":false,"sidebars":{"Shop":"Shop"},"homeTitle":"Home","woopages":{"woocommerce_shop_page_id":"Full Shop With Sidebar","woocommerce_cart_page_id":"Cart","woocommerce_checkout_page_id":"Checkout","woocommerce_pay_page_id":"Checkout \u2192 Pay","woocommerce_thanks_page_id":"Order Received","woocommerce_myaccount_page_id":"My Account","woocommerce_edit_address_page_id":"Edit My Address","woocommerce_view_order_page_id":"View Order","woocommerce_change_password_page_id":"Change Password","woocommerce_logout_page_id":"Logout","woocommerce_lost_password_page_id":"Lost Password"},"previewImage":"http:\/\/updates.theme-fusion.com\/wp-content\/uploads\/2016\/08\/modern_shop_thumbnail_2x.jpg","previewImageRetina":"http:\/\/updates.theme-fusion.com\/wp-content\/uploads\/2016\/08\/modern_shop_thumbnail.jpg","zipFile":"http:\/\/updates.theme-fusion.com\/?avada_demo=modern_shop"},"classic_shop":{"tags":{"woocommerce":"WooCommerce","business":"Business"},"minVersion":"5.0.0","shop":true,"features":["post","page"],"plugin_dependencies":{"woocommerce":true,"the-events-calendar":false,"contact-form-7":true,"bbpress":false,"LayerSlider":false,"revslider":true},"new":false,"sidebars":{"Men":"Men","Women":"Women","Accessories":"Accessories","ProductsSidebar":"Products Sidebar","ContentWidget1":"Content Widget 1","ContentWidget2":"Content Widget 2","ContentWidget3":"Content Widget 3","ContentWidget4":"Content Widget 4","Promotion":"Promotion"},"homeTitle":"Home 1","woopages":{"woocommerce_shop_page_id":"Shop Full Width","woocommerce_cart_page_id":"Shopping Cart","woocommerce_checkout_page_id":"Checkout","woocommerce_pay_page_id":"Checkout \u2192 Pay","woocommerce_thanks_page_id":"Order Received","woocommerce_myaccount_page_id":"My Account","woocommerce_edit_address_page_id":"Edit My Address","woocommerce_view_order_page_id":"View Order","woocommerce_change_password_page_id":"Change Password","woocommerce_logout_page_id":"Logout","woocommerce_lost_password_page_id":"Lost Password"},"previewImage":"http:\/\/updates.theme-fusion.com\/wp-content\/uploads\/2016\/08\/classic_shop_thumbnail_2x.jpg","previewImageRetina":"http:\/\/updates.theme-fusion.com\/wp-content\/uploads\/2016\/08\/classic_shop_thumbnail.jpg","zipFile":"http:\/\/updates.theme-fusion.com\/?avada_demo=classic_shop","revSliders":["home3-rs-3.zip"]},"landing_product":{"tags":{"single-page":"Single Page","business":"Business","woocommerce":"WooCommerce"},"minVersion":"5.0.0","shop":true,"features":["page"],"plugin_dependencies":{"woocommerce":true,"the-events-calendar":false,"contact-form-7":false,"bbpress":false,"LayerSlider":false,"revslider":true},"new":false,"homeTitle":"Homepage","woopages":{"woocommerce_shop_page_id":"Shop","woocommerce_cart_page_id":"Cart","woocommerce_checkout_page_id":"Checkout","woocommerce_pay_page_id":"Checkout \u2192 Pay","woocommerce_thanks_page_id":"Order Received","woocommerce_myaccount_page_id":"My Account","woocommerce_edit_address_page_id":"Edit My Address","woocommerce_view_order_page_id":"View Order","woocommerce_change_password_page_id":"Change Password","woocommerce_logout_page_id":"Logout","woocommerce_lost_password_page_id":"Lost Password"},"previewImage":"http:\/\/updates.theme-fusion.com\/wp-content\/uploads\/2016\/08\/landing_product_thumbnail_2x.jpg","previewImageRetina":"http:\/\/updates.theme-fusion.com\/wp-content\/uploads\/2016\/08\/landing_product_thumbnail.jpg","zipFile":"http:\/\/updates.theme-fusion.com\/?avada_demo=landing_product","revSliders":["one-page-lp-rev-slider.zip"]},"forum":{"tags":{"bbpress":"bbPress","generic":"Generic","business":"Business"},"minVersion":"5.0.0","shop":false,"features":["post","page"],"plugin_dependencies":{"woocommerce":false,"the-events-calendar":false,"contact-form-7":true,"bbpress":true,"LayerSlider":false,"revslider":false},"new":false,"sidebars":{"NewsSidebar":"News Sidebar","ForumSidebar":"Forum Sidebar","AppleSidebar":"Apple Sidebar","AndroidSidebar":"Android Sidebar","MicrosoftSidebar":"Microsoft Sidebar"},"homeTitle":"Home","previewImage":"http:\/\/updates.theme-fusion.com\/wp-content\/uploads\/2016\/08\/forum_thumbnail_2x.jpg","previewImageRetina":"http:\/\/updates.theme-fusion.com\/wp-content\/uploads\/2016\/08\/forum_thumbnail.jpg","zipFile":"http:\/\/updates.theme-fusion.com\/?avada_demo=forum"},"church":{"tags":{"niche":"Niche","portfolio":"Portfolio"},"minVersion":"5.0.0","shop":false,"features":["post","page","avada_portfolio"],"plugin_dependencies":{"woocommerce":false,"the-events-calendar":true,"contact-form-7":true,"bbpress":false,"LayerSlider":false,"revslider":false},"new":false,"sidebars":{"PageSidebar":"Page Sidebar"},"homeTitle":"Home","previewImage":"http:\/\/updates.theme-fusion.com\/wp-content\/uploads\/2016\/08\/church_thumbnail_2x.jpg","previewImageRetina":"http:\/\/updates.theme-fusion.com\/wp-content\/uploads\/2016\/08\/church_thumbnail.jpg","zipFile":"http:\/\/updates.theme-fusion.com\/?avada_demo=church"},"cafe":{"tags":{"business":"Business"},"minVersion":"5.0.0","shop":false,"features":["post","page"],"plugin_dependencies":{"woocommerce":false,"the-events-calendar":false,"contact-form-7":true,"bbpress":false,"LayerSlider":false,"revslider":false},"new":false,"homeTitle":"Home","previewImage":"http:\/\/updates.theme-fusion.com\/wp-content\/uploads\/2016\/08\/cafe_thumbnail_2x.jpg","previewImageRetina":"http:\/\/updates.theme-fusion.com\/wp-content\/uploads\/2016\/08\/cafe_thumbnail.jpg","zipFile":"http:\/\/updates.theme-fusion.com\/?avada_demo=cafe"},"travel":{"tags":{"generic":"Generic","portfolio":"Portfolio"},"minVersion":"5.0.0","shop":false,"features":["post","page","avada_portfolio"],"plugin_dependencies":{"woocommerce":false,"the-events-calendar":false,"contact-form-7":true,"bbpress":false,"LayerSlider":false,"revslider":false},"new":false,"homeTitle":"Home","previewImage":"http:\/\/updates.theme-fusion.com\/wp-content\/uploads\/2016\/08\/travel_thumbnail_2x.jpg","previewImageRetina":"http:\/\/updates.theme-fusion.com\/wp-content\/uploads\/2016\/08\/travel_thumbnail.jpg","zipFile":"http:\/\/updates.theme-fusion.com\/?avada_demo=travel"},"hotel":{"tags":{"generic":"Generic","business":"Business","portfolio":"Portfolio"},"minVersion":"5.0.0","shop":false,"features":["post","page","avada_portfolio"],"plugin_dependencies":{"woocommerce":false,"the-events-calendar":false,"contact-form-7":true,"bbpress":false,"LayerSlider":false,"revslider":false},"new":false,"homeTitle":"Home","previewImage":"http:\/\/updates.theme-fusion.com\/wp-content\/uploads\/2016\/08\/hotel_thumbnail_2x.jpg","previewImageRetina":"http:\/\/updates.theme-fusion.com\/wp-content\/uploads\/2016\/08\/hotel_thumbnail.jpg","zipFile":"http:\/\/updates.theme-fusion.com\/?avada_demo=hotel"},"architecture":{"tags":{"generic":"Generic","niche":"Niche","business":"Business","portfolio":"Portfolio"},"minVersion":"5.0.0","shop":false,"features":["post","page","avada_portfolio"],"plugin_dependencies":{"woocommerce":false,"the-events-calendar":false,"contact-form-7":true,"bbpress":false,"LayerSlider":false,"revslider":false},"new":false,"homeTitle":"Home","previewImage":"http:\/\/updates.theme-fusion.com\/wp-content\/uploads\/2016\/08\/arch_thumbnail_2x.jpg","previewImageRetina":"http:\/\/updates.theme-fusion.com\/wp-content\/uploads\/2016\/08\/arch_thumbnail.jpg","zipFile":"http:\/\/updates.theme-fusion.com\/?avada_demo=architecture"},"hosting":{"tags":{"business":"Business","niche":"Niche"},"minVersion":"5.0.0","shop":false,"features":["post","page"],"plugin_dependencies":{"woocommerce":false,"the-events-calendar":false,"contact-form-7":true,"bbpress":false,"LayerSlider":false,"revslider":false},"new":false,"homeTitle":"Home","previewImage":"http:\/\/updates.theme-fusion.com\/wp-content\/uploads\/2016\/08\/hosting_thumbnail_2x.jpg","previewImageRetina":"http:\/\/updates.theme-fusion.com\/wp-content\/uploads\/2016\/08\/hosting_thumbnail.jpg","zipFile":"http:\/\/updates.theme-fusion.com\/?avada_demo=hosting"},"law":{"tags":{"generic":"Generic","business":"Business"},"minVersion":"5.0.0","shop":false,"features":["post","page"],"plugin_dependencies":{"woocommerce":false,"the-events-calendar":false,"contact-form-7":true,"bbpress":false,"LayerSlider":false,"revslider":false},"new":false,"homeTitle":"Home","previewImage":"http:\/\/updates.theme-fusion.com\/wp-content\/uploads\/2016\/08\/law_thumbnail_2x.jpg","previewImageRetina":"http:\/\/updates.theme-fusion.com\/wp-content\/uploads\/2016\/08\/law_thumbnail.jpg","zipFile":"http:\/\/updates.theme-fusion.com\/?avada_demo=law"},"lifestyle":{"tags":{"generic":"Generic","portfolio":"Portfolio"},"minVersion":"5.0.0","shop":false,"features":["page","avada_portfolio","post"],"plugin_dependencies":{"woocommerce":false,"the-events-calendar":false,"contact-form-7":true,"bbpress":false,"LayerSlider":false,"revslider":false},"new":false,"homeTitle":"Home","previewImage":"http:\/\/updates.theme-fusion.com\/wp-content\/uploads\/2016\/08\/lifestyle_thumbnail_2x.jpg","previewImageRetina":"http:\/\/updates.theme-fusion.com\/wp-content\/uploads\/2016\/08\/lifestyle_thumbnail.jpg","zipFile":"http:\/\/updates.theme-fusion.com\/?avada_demo=lifestyle"},"fashion":{"tags":{"generic":"Generic","niche":"Niche","portfolio":"Portfolio"},"minVersion":"5.0.0","shop":false,"features":["post","page","avada_portfolio"],"plugin_dependencies":{"woocommerce":false,"the-events-calendar":false,"contact-form-7":true,"bbpress":false,"LayerSlider":false,"revslider":false},"new":false,"homeTitle":"Home","previewImage":"http:\/\/updates.theme-fusion.com\/wp-content\/uploads\/2016\/08\/fashion_thumbnail_2x.jpg","previewImageRetina":"http:\/\/updates.theme-fusion.com\/wp-content\/uploads\/2016\/08\/fashion_thumbnail.jpg","zipFile":"http:\/\/updates.theme-fusion.com\/?avada_demo=fashion"},"app":{"tags":{"single-page":"Single Page","business":"Business"},"minVersion":"5.0.0","shop":false,"features":["page"],"plugin_dependencies":{"woocommerce":false,"the-events-calendar":false,"contact-form-7":true,"bbpress":false,"LayerSlider":false,"revslider":false},"new":false,"homeTitle":"Home","previewImage":"http:\/\/updates.theme-fusion.com\/wp-content\/uploads\/2016\/08\/app_thumbnail_2x.jpg","previewImageRetina":"http:\/\/updates.theme-fusion.com\/wp-content\/uploads\/2016\/08\/app_thumbnail.jpg","zipFile":"http:\/\/updates.theme-fusion.com\/?avada_demo=app"},"agency":{"tags":{"generic":"Generic","portfolio":"Portfolio"},"minVersion":"5.0.0","shop":false,"features":["post","page","avada_portfolio"],"plugin_dependencies":{"woocommerce":false,"the-events-calendar":false,"contact-form-7":true,"bbpress":false,"LayerSlider":false,"revslider":false},"new":false,"homeTitle":"Home","previewImage":"http:\/\/updates.theme-fusion.com\/wp-content\/uploads\/2016\/08\/agency_thumbnail_2x.jpg","previewImageRetina":"http:\/\/updates.theme-fusion.com\/wp-content\/uploads\/2016\/08\/agency_thumbnail.jpg","zipFile":"http:\/\/updates.theme-fusion.com\/?avada_demo=agency"}}